category,title,creator,pub_year,description
book,Melty Coffee,Dinorah Schowalter V,1978,Facilis quia fugiat numquam.
album,Bluebery Utopia,Nguyet Becker,2015,Magnam fugiat praesentium quia.
album,Green Select,Ervin Ledner Sr.,1959,Ut molestias ea quos.
album,The Captain's Bean,Yolonda Borer,1960,Ut odit doloribus neque.
album,Evening Star,Lakiesha Nitzsche,1950,Aut fugit aut sed.
book,Joe Coffee,Chong Champlin,1930,Quo earum sit optio.
book,Reg's Star,Vicky Skiles,2007,Fuga est facere voluptates.
book,Express Light,Ms. Normand Roberts,2015,Esse maiores iste nostrum.
album,Express Blend,Frankie Mann I,1997,Recusandae tempore libero maiores.
album,American Star,Penney Lakin II,1994,Adipisci doloribus sequi optio.
book,Chocolate Cowboy,Rosaria Rogahn II,1919,Id pariatur quia vel.
book,Postmodern Light,Lucius Will,1957,Tempora provident nihil est.
book,Blue Treat,Thea Kuhn,2003,Est qui animi nihil.
book,Good-morning Extract,Minh Bode,1969,Est ipsa quia qui.
book,Blue Blend,Randolph Swift,1977,Dolorem facilis et animi.
book,Holiday ,Kevin Bruen,1981,Fugit ducimus labore atque.
book,Captain's Extract,Darrick Funk,1940,Voluptate est quod ipsam.
book,Green Volcano,Evan Jacobs,1992,Quisquam eveniet ut dolores.
book,Joe Light,Thomasena Legros,1921,Qui voluptas voluptas nam.
album,Melty Blend,Ashley Jerde,1964,Nihil provident exercitationem mollitia.
book,Caf√© Nuts,Sandy Padberg,1929,Neque est aut adipisci.
album,Morning Cake,Ozzie Grady,1995,Inventore non repellendus voluptatibus.
album,Huggy Cake,Xavier Waters II,1988,Et amet quos vel.
album,Evening Breaker,Sina Pfeffer,1962,Ducimus esse ipsum autem.
album,The Captain's Utopia,Brad Streich,1959,Aliquam ab ut qui.
